Team,Record,NET_Rank
Gonzaga,28-4,1
Houston,32-6,2
Kansas,34-6,3
Arizona,33-4,4
Baylor,27-7,5
Villanova,30-8,6
Tennessee,27-8,7
Texas Tech,27-10,8
Kentucky,26-8,9
Duke,32-7,10
UCLA,27-8,11
Purdue,29-8,12
Auburn,28-6,13
Iowa,26-10,14
Illinois,23-10,15
Texas,22-12,16
North Carolina,29-10,17
Connecticut,23-10,18
Saint Mary's (CA),25-8,19
Louisiana State,22-12,20
Arkansas,28-9,21
Virginia Tech,23-13,22
Ohio State,20-12,23
Providence,27-6,24
Wisconsin,25-8,25
San Francisco,23-10,26
Michigan,19-15,27
Loyola (IL),24-8,28
Murray State,28-3,29
San Diego State,23-9,30
Memphis,22-11,31
Alabama,19-14,32
TCU,21-13,33
Boise State,26-8,34
Colorado State,24-6,35
Texas A&M,26-13,36
Xavier,23-13,37
Michigan State,23-13,38
Oklahoma,19-16,39
Southern California,26-8,40
Iowa State,22-13,41
Wake Forest,25-10,42
Notre Dame,23-11,43
Indiana,21-14,44
Oklahoma State,15-15,45
Davidson,26-7,46
Miami (FL),26-11,47
Seton Hall,20-11,48
UAB,25-8,49
Marquette,19-13,50
Creighton,23-12,51
Dayton,24-11,52
Southern Methodist,24-9,53
Washington State,22-15,54
North Texas,23-7,55
Vermont,27-6,56
Virginia Commonwealth,22-10,57
Wyoming,24-9,58
Brigham Young,22-11,59
Mississippi State,18-16,60
Florida,20-14,61
Vanderbilt,19-17,62
Chattanooga,25-8,63
St. John's (NY),17-15,64
Utah State,17-16,65
Saint Louis,22-12,66
South Dakota State,28-5,67
Virginia,21-14,68
Kansas State,14-17,69
Santa Clara,21-12,70
Towson,25-9,71
Missouri State,22-11,72
West Virginia,16-17,73
Colorado,21-12,74
St. Bonaventure,23-10,75
Oregon,19-15,76
Fresno State,22-13,77
New Mexico State,24-7,78
Belmont,24-8,79
Rutgers,18-14,80
Clemson,17-16,81
Furman,21-12,82
Syracuse,16-17,83
Richmond,24-13,84
Drake,23-11,85
Toledo,25-8,86
Wichita State,15-13,87
Penn State,14-17,88
Iona,25-8,89
Maryland,15-17,90
Northwestern,14-16,91
Grand Canyon,21-8,92
South Carolina,17-13,93
Tulane,14-15,94
Middle Tennessee,24-11,95
Cincinnati,17-15,96
Nevada-Las Vegas,17-14,97
Northern Iowa,19-12,98
Central Florida,18-12,99
Arizona State,14-17,100
Louisiana Tech,21-10,101
Bradley,16-14,102
DePaul,15-16,103
Florida State,17-14,104
Saint Peter's,21-12,105
Stanford,16-16,106
Princeton,21-7,107
Wofford,17-13,108
Minnesota,13-17,109
Mississippi,13-19,110
Temple,17-12,111
Hofstra,19-11,112
Washington,17-15,113
George Mason,14-16,114
Morehead State,20-11,115
Utah Valley,18-12,116
Butler,12-19,117
Liberty,19-11,118
Ohio,24-10,119
Buffalo,17-11,120
Abilene Christian,21-11,121
Western Kentucky,17-13,122
Stephen F. Austin,18-10,123
Colgate,22-12,124
Nevada,12-18,125
Akron,22-10,126
Texas State,18-8,127
Montana State,25-8,128
Seattle,21-9,129
Louisville,13-19,130
Longwood,22-7,131
Florida Atlantic,16-15,132
Utah,11-20,133
Delaware,21-13,134
Wagner,20-6,135
UC Irvine,13-10,136
Southern Illinois,15-15,137
Kent State,21-11,138
NC State,11-21,139
Monmouth,21-13,140
Boston College,13-20,141
Rhode Island,14-16,142
UC Santa Barbara,15-11,143
College of Charleston,17-15,144
Nebraska,10-22,145
UNC Wilmington,25-9,146
Winthrop,20-9,147
Jacksonville State,19-11,148
Yale,18-12,149
California,12-20,150
Missouri,11-21,151
Coastal Carolina,15-14,152
Sam Houston,16-14,153
Drexel,14-14,154
Cal State Fullerton,19-11,155
South Alabama,17-12,156
Georgia Tech,11-20,157
Georgia State,15-11,158
Long Beach State,18-13,159
Oral Roberts,16-12,160
UTEP,18-14,161
North Dakota State,21-10,162
UC Riverside,14-12,163
Southern Utah,21-12,164
New Mexico,11-19,165
Weber State,19-12,166
Appalachian State,16-15,167
Jacksonville,17-10,168
Norfolk State,21-7,169
Gardner-Webb,15-13,170
UNC Greensboro,16-15,171
Hawaii,15-11,172
Oakland,18-12,173
Navy,20-11,174
VMI,13-16,175
Samford,18-11,176
Fordham,16-16,177
Massachusetts,15-17,178
Cleveland State,18-11,179
Tulsa,11-20,180
Portland,17-15,181
Saint Joseph's,11-19,182
East Carolina,15-15,183
Arkansas State,15-11,184
East Tennessee State,13-17,185
Wright State,21-14,186
Louisiana,14-15,187
Charlotte,17-14,188
Troy,17-12,189
Cornell,13-11,190
Mercer,14-17,191
Nicholls State,17-12,192
Pittsburgh,11-21,193
Georgetown,6-25,194
Niagara,13-16,195
Texas Southern,19-13,196
Bellarmine,16-13,197
Northern Kentucky,18-12,198
Florida Gulf Coast,20-12,199
Illinois State,11-20,200
Old Dominion,12-19,201
Fairfield,14-18,202
Northern Colorado,20-15,203
South Dakota,17-12,204
Bryant,21-10,205
Boston University,21-13,206
Valparaiso,12-18,207
Kansas City,15-12,208
Loyola Marymount,10-18,209
Marist,14-16,210
James Madison,13-14,211
Brown,11-16,212
Pennsylvania,12-16,213
Tarleton State,11-17,214
Rice,14-17,215
Southern,15-14,216
UNC Asheville,14-15,217
Campbell,13-13,218
San Diego,13-16,219
UC Davis,12-10,220
Eastern Washington,16-16,221
California Baptist,15-16,222
Georgia,6-26,223
Kennesaw State,9-18,224
La Salle,11-19,225
George Washington,12-18,226
Dartmouth,8-16,227
Harvard,10-13,228
The Citadel,10-18,229
Siena,15-14,230
Quinnipiac,13-17,231
Stony Brook,17-13,232
Maryland-Baltimore County,17-14,233
New Hampshire,13-13,234
Purdue Fort Wayne,19-12,235
UT Arlington,9-18,236
Detroit Mercy,13-16,237
Indiana State,8-20,238
Western Illinois,14-16,239
Rider,13-19,240
Howard,13-13,241
Marshall,10-21,242
Texas A&M-Corpus Christi,19-12,243
Long Island University,15-14,244
South Florida,8-23,245
Youngstown State,17-15,246
Massachusetts-Lowell,12-16,247
Georgia Southern,10-16,248
Manhattan,14-15,249
Southeast Missouri State,12-18,250
Northeastern,9-22,251
Canisius,10-21,252
Elon,8-22,253
Mount St. Mary's,13-16,254
Oregon State,3-28,255
Miami (OH),11-18,256
Montana,15-14,257
High Point,11-18,258
Southeastern Louisiana,15-15,259
Loyola (MD),13-16,260
Tennessee Tech,9-21,261
Alcorn State,17-17,262
South Carolina Upstate,13-17,263
Air Force,11-18,264
Ball State,13-17,265
Florida International,13-17,266
New Orleans,15-14,267
Lipscomb,11-19,268
Eastern Kentucky,9-18,269
Presbyterian,9-20,270
Portland State,12-17,271
UC San Diego,11-16,272
Utah Tech,9-18,273
Tennessee State,12-18,274
North Florida,8-20,275
Louisiana-Monroe,10-18,276
Jackson State,11-19,277
Duquesne,6-24,278
Army,13-16,279
Cal State Bakersfield,6-19,280
Non D1,12-20,282
Illinois-Chicago,13-16,283
Bowling Green State,11-18,284
Albany (NY),13-18,285
Pepperdine,6-25,285
North Carolina A&T,9-20,286
Western Carolina,10-21,287
Radford,9-18,288
Austin Peay,10-17,289
North Carolina Central,12-15,290
Merrimack,13-16,291
SIU Edwardsville,9-21,292
Northern Illinois,9-21,293
San Jose State,7-23,293
Binghamton,10-17,294
Prairie View,8-19,295
Denver,10-20,296
Pacific,6-22,298
Lehigh,12-19,299
Morgan State,9-15,300
Coppin State,9-23,301
South Carolina State,12-16,302
Tennessee-Martin,6-22,303
Grambling,10-20,304
Stetson,7-19,305
Eastern Michigan,9-21,306
Texas-Rio Grande Valley,6-23,307
Cal Poly,6-21,308
Maryland-Eastern Shore,8-16,309
Florida A&M,11-17,310
Sacramento State,9-18,311
Alabama State,9-21,312
McNeese State,7-22,313
St. Thomas,7-20,314
Little Rock,6-19,315
North Alabama,5-21,316
Central Arkansas,9-20,317
Central Michigan,7-23,318
Lafayette,9-20,319
Alabama A&M,12-18,320
St. Francis (NY),9-20,321
Hampton,7-19,322
Sacred Heart,9-20,323
UTSA,7-21,324
Idaho,7-22,325
Cal State Northridge,6-22,326
Evansville,5-24,327
Robert Morris,7-24,328
Western Michigan,6-22,329
Northwestern State,6-23,330
Saint Francis (PA),8-21,331
NJIT,10-18,332
Milwaukee,9-22,333
Bucknell,9-23,334
American,10-22,335
Northern Arizona,7-23,336
Bethune-Cookman,8-21,337
Houston Christian,7-18,338
William & Mary,4-27,339
Chicago State,7-25,340
Southern Mississippi,5-26,341
Idaho State,5-23,342
Holy Cross,7-22,343
Green Bay,4-25,344
Central Connecticut State,8-24,345
Omaha,4-25,346
Charleston Southern,3-25,347
North Dakota,4-25,348
Fairleigh Dickinson,4-22,349
Incarnate Word,5-24,350
Columbia,3-22,351
Arkansas-Pine Bluff,5-24,352
Maine,3-23,353
Lamar,0-27,354
Mississippi Valley State,2-26,355
Eastern Illinois,3-26,356
Delaware State,0-25,357
IUPUI,1-26,358
